,Inf,GDeviation,Fitness,Time,Inf,GDeviation,Fitness,Time,Inf,GDeviation,Fitness,Time
Exe 1,2.0,0.70774,0.72290,5809,150.0,0.29126,0.43887,9851,596.0,0.16177,0.32149,15884
Exe 2,20.0,0.61435,0.76591,5728,16.0,0.24416,0.25990,9922,531.0,0.15189,0.29419,15952
Exe 3,19.0,0.70376,0.84774,5764,32.0,0.25150,0.28299,9859,651.0,0.15260,0.32706,15953
Exe 4,19.0,0.71700,0.86098,5741,46.0,0.18549,0.23076,9897,604.0,0.16822,0.33009,16173
Exe 5,10.0,0.59725,0.67303,5799,119.0,0.21559,0.33269,9845,543.0,0.15927,0.30478,16102
Media,14.0,0.66802,0.77411,5768,72.6,0.23760,0.30904,9874,585.0,0.15875,0.31552,16012
