,Inf,GDeviation,Fitness,Time,Inf,GDeviation,Fitness,Time,Inf,GDeviation,Fitness,Time
Exe 1,9.0,0.72657,0.76291,5852,122.0,0.20074,0.26426,10713,1021.0,0.14931,0.29168,17151
Exe 2,13.0,0.71307,0.76556,5855,143.0,0.19868,0.27312,10734,1154.0,0.15727,0.31819,17067
Exe 3,12.0,0.71277,0.76123,5855,75.0,0.24832,0.28736,10774,994.0,0.16361,0.30221,17156
Exe 4,15.0,0.69293,0.75350,5887,38.0,0.23933,0.25912,10683,1160.0,0.15410,0.31586,17139
Exe 5,15.0,0.69923,0.75980,5919,77.0,0.22239,0.26248,10683,841.0,0.14946,0.26673,17188
Media,12.8,0.70891,0.76060,5873,91.0,0.22189,0.26927,10717,1034.0,0.15475,0.29893,17140
