,Inf,GDeviation,Fitness,Time,Inf,GDeviation,Fitness,Time,Inf,GDeviation,Fitness,Time
Exe 1,9.0,0.72657,0.76291,5740,95.0,0.20425,0.25371,10612,885.0,0.15101,0.27441,17002
Exe 2,12.0,0.71304,0.76149,5871,93.0,0.20979,0.25821,10620,1091.0,0.14939,0.30152,16945
Exe 3,7.0,0.74135,0.76962,5683,101.0,0.21990,0.27248,10656,924.0,0.15998,0.28882,17066
Exe 4,9.0,0.75416,0.79050,5657,32.0,0.23525,0.25191,10858,1028.0,0.15805,0.30139,16989
Exe 5,5.0,0.79170,0.81189,5658,111.0,0.24640,0.30419,10498,1164.0,0.13654,0.29885,16943
Media,8.4,0.74536,0.77928,5721,86.4,0.22312,0.26810,10648,1018.4,0.15099,0.29300,16989
