,Inf,GDeviation,Fitness,Time,Inf,GDeviation,Fitness,Time,Inf,GDeviation,Fitness,Time
Exe 1,14.0,0.79211,0.89819,5707,372.0,0.32749,0.69355,9770,834.0,0.22275,0.44625,24043
Exe 2,36.0,0.97449,1.24728,5246,319.0,0.32676,0.64066,9735,819.0,0.20894,0.42842,15217
Exe 3,20.0,0.85868,1.01023,5259,358.0,0.34157,0.69386,9808,809.0,0.21839,0.43519,21066
Exe 4,9.0,0.77421,0.84240,5240,324.0,0.29930,0.61813,9714,806.0,0.20745,0.42345,28299
Exe 5,29.0,0.98149,1.20124,5266,362.0,0.31827,0.67449,9764,814.0,0.20867,0.42681,29651
Media,21.6,0.87619,1.03987,5343,347.0,0.32268,0.66414,9758,816.4,0.21324,0.43202,23655
