,Inf,GDeviation,Fitness,Time,Inf,GDeviation,Fitness,Time,Inf,GDeviation,Fitness,Time
Exe 1,11.0,0.70833,0.79168,5879,42.0,0.18817,0.22950,11621,572.0,0.15135,0.30464,17107
Exe 2,7.0,0.59893,0.65198,5828,16.0,0.23492,0.25066,11124,470.0,0.16653,0.29249,17048
Exe 3,5.0,0.59283,0.63072,5837,32.0,0.20982,0.24131,10993,636.0,0.17401,0.34445,17035
Exe 4,7.0,0.58143,0.63448,5883,41.0,0.18633,0.22668,11061,485.0,0.15236,0.28233,17102
Exe 5,9.0,0.65107,0.71927,5892,53.0,0.19505,0.24721,10946,590.0,0.16364,0.32175,17026
Media,7.8,0.62652,0.68563,5863,36.8,0.20286,0.23907,11149,550.6,0.16158,0.30913,17063
