,Inf,GDeviation,Fitness,Time,Inf,GDeviation,Fitness,Time,Inf,GDeviation,Fitness,Time
Exe 1,16.0,0.91729,0.98190,5722,646.0,0.32898,0.66530,13150,1718.0,0.20052,0.44008,23071
Exe 2,5.0,0.82076,0.84095,5370,566.0,0.30473,0.59939,13144,1710.0,0.20651,0.44495,17073
Exe 3,43.0,0.87406,1.04769,5282,518.0,0.31132,0.58099,13241,1644.0,0.21257,0.44181,17391
Exe 4,30.0,0.85472,0.97587,5285,715.0,0.30822,0.68046,16440,1648.0,0.20480,0.43460,17038
Exe 5,22.0,0.81585,0.90469,5303,564.0,0.31256,0.60619,14639,1648.0,0.20367,0.43347,17370
Media,23.2,0.85654,0.95022,5392,601.8,0.31316,0.62646,14122,1673.6,0.20561,0.43898,18388
