,Inf,GDeviation,Fitness,Time,Inf,GDeviation,Fitness,Time,Inf,GDeviation,Fitness,Time
Exe 1,12.0,0.71516,0.76362,5923,33.0,0.23502,0.25220,11900,1179.0,0.15991,0.32431,18808
Exe 2,12.0,0.70454,0.75299,5884,119.0,0.19447,0.25643,12042,1010.0,0.15568,0.29652,18847
Exe 3,22.0,0.66884,0.75768,5885,33.0,0.23912,0.25630,11844,1031.0,0.14093,0.28470,19403
Exe 4,12.0,0.70454,0.75299,5916,31.0,0.24184,0.25798,11956,912.0,0.14608,0.27325,19623
Exe 5,18.0,0.66760,0.74029,5965,39.0,0.23783,0.25813,11977,1180.0,0.14962,0.31416,18949
Media,15.2,0.69214,0.75351,5914,51.0,0.22966,0.25621,11943,1062.4,0.15044,0.29859,19126
