,Inf,GDeviation,Fitness,Time,Inf,GDeviation,Fitness,Time,Inf,GDeviation,Fitness,Time
Exe 1,7.0,0.59992,0.65296,5371,38.0,0.18919,0.22658,9700,484.0,0.15574,0.28545,15235
Exe 2,7.0,0.59893,0.65198,5159,18.0,0.23462,0.25234,9687,608.0,0.14994,0.31288,15179
Exe 3,5.0,0.59283,0.63072,5153,53.0,0.19329,0.24545,9670,529.0,0.15223,0.29399,15379
Exe 4,5.0,0.59873,0.63662,5121,45.0,0.18270,0.22698,9734,535.0,0.14672,0.29009,15335
Exe 5,5.0,0.59731,0.63520,5180,62.0,0.18991,0.25092,9644,435.0,0.14623,0.26281,15227
Media,5.8,0.59754,0.64150,5196,43.2,0.19794,0.24045,9687,518.2,0.15017,0.28905,15271
