,Inf,GDeviation,Fitness,Time,Inf,GDeviation,Fitness,Time,Inf,GDeviation,Fitness,Time
Exe 1,9.0,0.65768,0.72588,5181,41.0,0.18262,0.22297,9864,457.0,0.16043,0.28290,15347
Exe 2,18.0,0.76714,0.90353,5214,35.0,0.21450,0.24894,9875,509.0,0.15824,0.29464,15353
Exe 3,5.0,0.60220,0.64009,5252,31.0,0.22015,0.25065,9845,599.0,0.15333,0.31386,15482
Exe 4,5.0,0.59283,0.63072,5203,39.0,0.24599,0.28436,9897,526.0,0.16158,0.30254,15385
Exe 5,5.0,0.65836,0.69625,5239,59.0,0.19372,0.25178,9874,581.0,0.16659,0.32229,15305
Media,8.4,0.65564,0.71929,5217,41.0,0.21140,0.25174,9871,534.4,0.16003,0.30325,15374
