,Inf,GDev,Fitness,Time,Inf,GDev,Fitness,Time,Inf,GDev,Fitness,Time
Exe 1,27.0,0.68140,0.79043,1076,31.0,0.23805,0.25419,2201,922.0,0.15540,0.28396,4940
Exe 2,9.0,0.75416,0.79050,1101,45.0,0.24386,0.26729,2210,1055.0,0.14715,0.29426,4943
Exe 3,12.0,0.72598,0.77444,1072,102.0,0.19973,0.25283,2215,740.0,0.14849,0.25167,5119
Exe 4,8.0,0.73495,0.76725,1070,33.0,0.24718,0.26436,2209,1026.0,0.14833,0.29140,5029
Exe 5,67.0,0.86332,1.13388,1079,121.0,0.19597,0.25896,2210,925.0,0.15627,0.28525,4988
Media,24.6,0.75196,0.85130,1079,66.4,0.22496,0.25952,2209,933.6,0.15113,0.28131,5003
