,Inf,GDeviation,Fitness,Time,Inf,GDeviation,Fitness,Time,Inf,GDeviation,Fitness,Time
Exe 1,8.0,0.72874,0.76105,5702,25.0,0.23617,0.24919,10419,861.0,0.14694,0.26700,16504
Exe 2,15.0,0.70134,0.76191,5663,125.0,0.19417,0.25925,10401,904.0,0.14664,0.27270,16353
Exe 3,20.0,0.66157,0.74233,5696,33.0,0.23402,0.25120,10416,855.0,0.14841,0.26763,16402
Exe 4,13.0,0.70100,0.75350,5628,33.0,0.23782,0.25500,10427,839.0,0.14408,0.26107,16374
Exe 5,12.0,0.71877,0.76723,5646,35.0,0.24048,0.25870,10496,948.0,0.14547,0.27766,16399
Media,13.6,0.70228,0.75720,5667,50.2,0.22853,0.25467,10431,881.4,0.14631,0.26921,16406
