,Inf,GDeviation,Fitness,Time,Inf,GDeviation,Fitness,Time,Inf,GDeviation,Fitness,Time
Exe 1,9.0,0.75416,0.79050,2454,47.0,0.24405,0.26852,5173,1555.0,0.21709,0.43393,8345
Exe 2,16.0,0.69885,0.76346,2436,34.0,0.24193,0.25963,5199,1360.0,0.21033,0.39997,8403
Exe 3,7.0,0.73724,0.76551,2392,128.0,0.20103,0.26767,5203,1301.0,0.21328,0.39469,8540
Exe 4,28.0,0.66582,0.77889,2395,28.0,0.24453,0.25911,5463,1629.0,0.19822,0.42537,7391
Exe 5,13.0,0.71307,0.76556,2456,112.0,0.20950,0.26781,5171,1411.0,0.19760,0.39436,7974
Media,14.6,0.71383,0.77278,2426,69.8,0.22821,0.26455,5241,1451.2,0.20731,0.40966,8130
