,Inf,GDeviation,Fitness,Time,Inf,GDeviation,Fitness,Time,Inf,GDeviation,Fitness,Time
Exe 1,5.0,0.70978,0.74767,2324,20.0,0.24401,0.26369,4542,753.0,0.21859,0.42038,6000
Exe 2,8.0,0.61373,0.67436,2377,44.0,0.21029,0.25359,4514,749.0,0.21109,0.41182,6370
Exe 3,20.0,0.79366,0.94521,2333,25.0,0.23803,0.26263,4501,706.0,0.21604,0.40524,5975
Exe 4,21.0,0.80283,0.96196,2325,24.0,0.24449,0.26811,4499,708.0,0.20379,0.39353,6204
Exe 5,16.0,0.80641,0.92765,2367,119.0,0.21764,0.33474,4427,672.0,0.20188,0.38197,6210
Media,14.0,0.74528,0.85137,2345,46.4,0.23089,0.27655,4496,717.6,0.21028,0.40259,6151
