,Inf,GDeviation,Fitness,Time,Inf,GDeviation,Fitness,Time,Inf,GDeviation,Fitness,Time
Exe 1,19.0,0.74325,0.81997,2480,566.0,0.29497,0.58964,4468,1809.0,0.23077,0.48301,7140
Exe 2,10.0,0.78110,0.82148,2628,454.0,0.30866,0.54501,4484,1743.0,0.24279,0.48583,7500
Exe 3,7.0,0.80966,0.83792,2121,471.0,0.34966,0.59486,4608,1783.0,0.23031,0.47893,7118
Exe 4,16.0,0.74116,0.80577,2360,501.0,0.33651,0.59734,4605,1806.0,0.22715,0.47898,7435
Exe 5,12.0,0.75090,0.79936,2361,479.0,0.31620,0.56557,4589,1669.0,0.22901,0.46173,7229
Media,12.8,0.76521,0.81690,2390,494.2,0.32120,0.57849,4550,1762.0,0.23200,0.47770,7284
