,Inf,GDeviation,Fitness,Time,Inf,GDeviation,Fitness,Time,Inf,GDeviation,Fitness,Time
Exe 1,11.0,0.82765,0.91100,2310,254.0,0.35123,0.60117,4143,872.0,0.23591,0.46960,5776
Exe 2,2.0,0.87171,0.88687,2461,295.0,0.32489,0.61519,4115,894.0,0.23162,0.47120,5964
Exe 3,4.0,0.83604,0.86636,2333,285.0,0.34921,0.62966,4105,860.0,0.23131,0.46178,5749
Exe 4,6.0,0.93344,0.97891,2219,394.0,0.34131,0.72902,4098,877.0,0.23387,0.46889,6009
Exe 5,17.0,0.88516,1.01398,2108,260.0,0.31840,0.57425,4118,886.0,0.23592,0.47335,5680
Media,8.0,0.87080,0.93142,2286,297.6,0.33701,0.62986,4115,877.8,0.23373,0.46897,5835
