,Inf,GDeviation,Fitness,Time,Inf,GDeviation,Fitness,Time,Inf,GDeviation,Fitness,Time
Exe 1,18.0,0.84796,0.98435,2136,112.0,0.23087,0.34108,4185,410.0,0.16892,0.27880,5813
Exe 2,3.0,0.74626,0.76899,2085,40.0,0.19154,0.23090,4139,285.0,0.16269,0.23907,5933
Exe 3,5.0,0.73926,0.77715,2108,30.0,0.21247,0.24199,4219,277.0,0.14566,0.21989,5896
Exe 4,5.0,0.65195,0.68984,2073,16.0,0.24322,0.25896,4244,265.0,0.16054,0.23156,5948
Exe 5,6.0,0.60390,0.64937,2104,48.0,0.19074,0.23798,4221,222.0,0.15663,0.21612,5914
Media,7.4,0.71786,0.77394,2101,49.2,0.21377,0.26218,4201,291.8,0.15889,0.23709,5900
