,Inf,GDev,Fitness,Time,Inf,GDev,Fitness,Time,Inf,GDev,Fitness,Time
Exe 1,9.0,0.75416,0.79050,680,83.0,0.21680,0.26002,1411,276.0,0.13105,0.16954,3127
Exe 2,32.0,0.58949,0.71871,704,24.0,0.24166,0.25415,1401,367.0,0.13674,0.18791,3162
Exe 3,21.0,0.66374,0.74854,700,30.0,0.25095,0.26657,1409,282.0,0.12757,0.16689,3179
Exe 4,13.0,0.70692,0.75942,695,115.0,0.19499,0.25486,1400,270.0,0.13095,0.16860,3150
Exe 5,9.0,0.75416,0.79050,694,103.0,0.20235,0.25597,1403,217.0,0.12648,0.15674,3207
Media,16.8,0.69369,0.76153,694,71.0,0.22135,0.25831,1404,282.4,0.13056,0.16994,3165
