,Inf,GDeviation,Fitness,Time,Inf,GDeviation,Fitness,Time,Inf,GDeviation,Fitness,Time
Exe 1,12.0,0.71516,0.76362,5906,31.0,0.23758,0.25372,10278,251.0,0.11769,0.15269,12048
Exe 2,20.0,0.66157,0.74233,5297,24.0,0.23844,0.25093,10115,249.0,0.12390,0.15863,12100
Exe 3,10.0,0.75645,0.79683,4677,25.0,0.24007,0.25309,10163,245.0,0.13655,0.17071,11933
Exe 4,62.0,0.87877,1.12913,5355,23.0,0.24153,0.25351,9604,283.0,0.13879,0.17825,12396
Exe 5,15.0,0.70184,0.76241,5011,26.0,0.23603,0.24956,9383,328.0,0.13414,0.17988,11885
Media,23.8,0.74276,0.83886,5249,25.8,0.23873,0.25216,9908,271.2,0.13021,0.16803,12072
