,Inf,GDeviation,Fitness,Time,Inf,GDeviation,Fitness,Time,Inf,GDeviation,Fitness,Time
Exe 1,5.0,0.59677,0.63466,4152,15.0,0.23466,0.24942,9418,180.0,0.13642,0.18466,11018
Exe 2,7.0,0.58839,0.64144,4205,48.0,0.18879,0.23603,9720,203.0,0.12627,0.18067,10392
Exe 3,5.0,0.59677,0.63466,4152,19.0,0.25126,0.26996,9490,201.0,0.12720,0.18107,11030
Exe 4,18.0,0.74990,0.88630,4096,41.0,0.19261,0.23295,9445,137.0,0.13345,0.17017,10459
Exe 5,4.0,0.72348,0.75379,4354,39.0,0.18539,0.22377,9488,177.0,0.12994,0.17737,10582
Media,7.8,0.65106,0.71017,4191,32.4,0.21054,0.24242,9512,179.6,0.13066,0.17879,10696
