,Inf,GDeviation,Fitness,Time,Inf,GDeviation,Fitness,Time,Inf,GDeviation,Fitness,Time
Exe 1,2.0,0.70387,0.71903,4366,39.0,0.18664,0.22502,8231,174.0,0.13191,0.17854,10084
Exe 2,4.0,0.72829,0.75860,4386,11.0,0.24394,0.25476,8268,197.0,0.13013,0.18292,10028
Exe 3,3.0,0.69674,0.71947,4371,42.0,0.18338,0.22471,9449,226.0,0.13339,0.19396,10203
Exe 4,5.0,0.59629,0.63418,4449,46.0,0.18615,0.23141,12066,149.0,0.12792,0.16785,10044
Exe 5,5.0,0.60002,0.63791,4430,16.0,0.23019,0.24593,14946,138.0,0.12620,0.16318,10470
Media,3.8,0.66504,0.69384,4400,30.8,0.20606,0.23637,10592,176.8,0.12991,0.17729,10165
