,Inf,GDeviation,Fitness,Time,Inf,GDeviation,Fitness,Time,Inf,GDeviation,Fitness,Time
Exe 1,21.0,0.66204,0.74684,4771,25.0,0.23617,0.24919,9388,354.0,0.11662,0.16598,11896
Exe 2,24.0,0.85622,0.95313,4681,106.0,0.19321,0.24839,9230,432.0,0.12654,0.18678,11620
Exe 3,9.0,0.75416,0.79050,4518,105.0,0.19400,0.24867,9080,314.0,0.13626,0.18005,11767
Exe 4,6.0,0.73797,0.76220,4499,56.0,0.24139,0.27054,9075,225.0,0.12624,0.15762,11660
Exe 5,28.0,0.59775,0.71082,4429,98.0,0.19899,0.25001,9193,320.0,0.13977,0.18439,11608
Media,17.6,0.72163,0.79270,4579,78.0,0.21275,0.25336,9193,329.0,0.12909,0.17496,11710
