,Inf,GDeviation,Fitness,Time,Inf,GDeviation,Fitness,Time,Inf,GDeviation,Fitness,Time
Exe 1,9.0,0.76544,0.80178,2196,34.0,0.24790,0.26560,4679,976.0,0.18475,0.32085,7335
Exe 2,9.0,0.80975,0.84609,2157,42.0,0.24833,0.27020,4595,715.0,0.19702,0.29672,7416
Exe 3,8.0,0.74053,0.77283,2175,39.0,0.24324,0.26355,4507,881.0,0.18390,0.30674,7466
Exe 4,22.0,0.71389,0.80273,2229,23.0,0.25116,0.26313,4621,765.0,0.19102,0.29769,7503
Exe 5,11.0,0.78467,0.82909,2156,74.0,0.23585,0.27437,4499,778.0,0.18909,0.29758,7361
Media,11.8,0.76286,0.81050,2182,42.4,0.24530,0.26737,4580,823.0,0.18916,0.30392,7416
