,Inf,GDeviation,Fitness,Time,Inf,GDeviation,Fitness,Time,Inf,GDeviation,Fitness,Time
Exe 1,3.0,0.83462,0.85735,2180,17.0,0.24428,0.26101,4123,548.0,0.20480,0.35166,5943
Exe 2,5.0,0.70280,0.74069,2114,25.0,0.24276,0.26736,4250,341.0,0.19065,0.28203,5974
Exe 3,26.0,0.76995,0.96697,2116,36.0,0.21960,0.25502,4319,484.0,0.19032,0.32003,5915
Exe 4,9.0,0.70351,0.77170,2101,79.0,0.27385,0.35159,4144,551.0,0.19033,0.33799,5973
Exe 5,2.0,0.71638,0.73154,2145,90.0,0.23531,0.32388,4166,575.0,0.19545,0.34955,5918
Media,9.0,0.74545,0.81365,2131,49.4,0.24316,0.29177,4200,499.8,0.19431,0.32825,5944
