,Inf,GDeviation,Fitness,Time,Inf,GDeviation,Fitness,Time,Inf,GDeviation,Fitness,Time
Exe 1,9,0.61852,0.68672,216,26,0.24788,0.27346,401,80,0.12590,0.14734,4121
Exe 2,12,0.77450,0.86543,221,54,0.19461,0.24775,470,85,0.11832,0.14110,4427
Exe 3,15,0.85542,0.96908,170,57,0.18874,0.24483,514,174,0.10944,0.15607,5441
Exe 4,9,0.63161,0.69981,184,53,0.18833,0.24049,516,146,0.12247,0.16160,4957
Exe 5,4,0.69761,0.72792,216,50,0.18753,0.23674,601,210,0.11544,0.17172,5415
Media,9,0.71553,0.78979,201,48,0.20142,0.24865,500,139,0.11831,0.15557,4872
