,Zoo,,,,Glass,,,,Bupa,,,
, Infeasable , Error_Dist , Aggregate , Time , Infeasable , Error_Dist , Aggregate , Time , Infeasable , Error_Dist , Aggregate , Time 
Ejecucion 1,14,0.294057,0.716830,929,18,0.115820,0.266183,1643,98,0.107203,0.148308,15140
Ejecucion 2,12,0.280900,0.714831,668,55,0.175806,0.242606,1867,134,0.123334,0.141825,13194
Ejecucion 3,12,0.290542,0.705189,556,39,0.157776,0.244892,1799,92,0.109488,0.144415,14505
Ejecucion 4,25,0.145475,0.948766,629,27,0.133725,0.257135,1704,148,0.119888,0.149022,15059
Ejecucion 5,13,0.195880,0.807429,639,14,0.115313,0.262754,2309,202,0.118790,0.164592,12676
Media,15,0.241371,0.778609,684,30,0.139688,0.254714,1864,134,0.115741,0.149632,14114
