,Inf,GDeviation,Fitness,Time,Inf,GDeviation,Fitness,Time,Inf,GDeviation,Fitness,Time
Exe 1,9.0,0.61852,0.68672,279,26.0,0.24788,0.27346,423,80.0,0.12590,0.14734,4062
Exe 2,12.0,0.77450,0.86543,274,54.0,0.19461,0.24775,514,85.0,0.11832,0.14110,4403
Exe 3,15.0,0.85542,0.96908,226,57.0,0.18874,0.24483,512,174.0,0.10944,0.15607,5379
Exe 4,9.0,0.63161,0.69981,195,53.0,0.18833,0.24049,553,146.0,0.12247,0.16160,4897
Exe 5,4.0,0.69761,0.72792,268,50.0,0.18753,0.23674,636,210.0,0.11544,0.17172,5328
Media,9.8,0.71553,0.78979,248,48.0,0.20142,0.24865,527,139.0,0.11831,0.15557,4813
