,Inf,GDev,Fitness,Time,Inf,GDev,Fitness,Time,Inf,GDev,Fitness,Time
Exe 1,11.0,0.69719,0.78055,26,56.0,0.18781,0.24291,70,92.0,0.12036,0.14502,571
Exe 2,15.0,0.60452,0.71818,30,21.0,0.24400,0.26467,85,105.0,0.11741,0.14555,766
Exe 3,13.0,0.62027,0.71878,20,30.0,0.23543,0.26495,80,108.0,0.12185,0.15079,580
Exe 4,8.0,0.69785,0.75847,30,52.0,0.19800,0.24917,69,114.0,0.11350,0.14405,744
Exe 5,10.0,0.61014,0.68591,28,145.0,0.22474,0.36742,119,97.0,0.11622,0.14221,509
Media,11.4,0.64599,0.73238,26,60.8,0.21800,0.27782,84,103.2,0.11787,0.14552,634
