,Inf,GDev,Fitness,Time,Inf,GDev,Fitness,Time,Inf,GDev,Fitness,Time
Exe 1,17.0,0.75386,0.88267,14,50.0,0.19444,0.24364,68,125.0,0.10940,0.14290,428
Exe 2,12.0,0.61386,0.70479,15,44.0,0.21022,0.25352,56,177.0,0.11142,0.15885,571
Exe 3,7.0,0.75927,0.81231,11,37.0,0.21016,0.24657,60,92.0,0.11773,0.14239,521
Exe 4,24.0,0.74572,0.92759,19,55.0,0.18824,0.24236,70,92.0,0.12343,0.14809,521
Exe 5,29.0,0.75101,0.97076,19,36.0,0.20981,0.24524,74,87.0,0.11747,0.14078,543
Media,17.8,0.72474,0.85963,15,44.4,0.20258,0.24627,65,114.6,0.11589,0.14660,516
