,Zoo,,,,Glass,,,,Bupa,,,
, Infeasable , Error_Dist , Aggregate , Time , Infeasable , Error_Dist , Aggregate , Time , Infeasable , Error_Dist , Aggregate , Time 
Ejecucion 1,12,0.168852,0.784405,358,28,0.112664,0.266203,1884,295,0.118003,0.152380,15479
Ejecucion 2,25,0.188689,0.817063,446,32,0.113439,0.267511,1605,240,0.112631,0.150083,7416
Ejecucion 3,22,0.174910,0.818727,380,57,0.114599,0.279366,1319,145,0.108476,0.140991,8547
Ejecucion 4,27,0.184262,0.829566,492,47,0.114449,0.274310,1650,198,0.111420,0.145437,12998
Ejecucion 5,28,0.188140,0.829726,403,48,0.114887,0.274392,1772,238,0.121051,0.141384,15408
Media,22,0.180971,0.815897,415,42,0.114008,0.272356,1646,223,0.114316,0.146055,11969
