,Inf,Error,Fitness,Time,Inf,Error,Fitness,Time,Inf,Error,Fitness,Time
Exe 1,12,0.16885,0.78440,367,28,0.11266,0.26620,1891,295,0.11800,0.15238,15382
Exe 2,25,0.18869,0.81706,444,32,0.11344,0.26751,1613,240,0.11263,0.15008,7365
Exe 3,22,0.17491,0.81873,376,57,0.11460,0.27937,1325,145,0.10848,0.14099,8549
Exe 4,27,0.18426,0.82957,499,47,0.11445,0.27431,1656,198,0.11142,0.14544,12939
Exe 5,28,0.18814,0.82973,402,48,0.11489,0.27439,1769,238,0.12105,0.14138,16739
Media,22,0.18097,0.81590,417,42,0.11401,0.27236,1650,223,0.11432,0.14605,12194
