;Zoo;;;;Glass;;;;Bupa;;;
;Infeasable;Error_Dist;Aggregate;Time;Infeasable;Error_Dist;Aggregate;Time;Infeasable;Error_Dist;Aggregate;Time
Ejecucion 1;12;0.168852;0.784405;360;28;0.112664;0.266203;1882;295;0.118003;0.152380;15477
Ejecucion 2;25;0.188689;0.817063;452;32;0.113439;0.267511;1604;240;0.112631;0.150083;7406
Ejecucion 3;22;0.174910;0.818727;379;57;0.114599;0.279366;1330;145;0.108476;0.140991;8591
Ejecucion 4;27;0.184262;0.829566;493;47;0.114449;0.274310;1654;198;0.111420;0.145437;13121
Ejecucion 5;28;0.188140;0.829726;403;48;0.114887;0.274392;1760;238;0.121051;0.141384;15439
Media;22;0.180971;0.815897;417;42;0.114008;0.272356;1646;223;0.114316;0.146055;12006
