,Inf,GDeviation,Fitness,Time,Inf,GDeviation,Fitness,Time,Inf,GDeviation,Fitness,Time
Exe 1,32,0.71821,0.84743,131,49,0.24934,0.27485,454,182,0.11779,0.14317,4554
Exe 2,66,0.87670,1.14322,169,30,0.25095,0.26657,501,202,0.11737,0.14554,4369
Exe 3,30,0.71886,0.84000,162,135,0.20888,0.27917,438,225,0.11988,0.15125,5038
Exe 4,26,0.71914,0.82413,131,130,0.20799,0.27567,501,162,0.12162,0.14421,4966
Exe 5,12,0.73325,0.78171,115,42,0.25021,0.27208,485,188,0.11602,0.14224,3331
Media,33,0.75323,0.88730,141,77,0.23348,0.27367,475,191,0.11854,0.14528,4451
