,Inf,GDev,Fitness,Time,Inf,GDev,Fitness,Time,Inf,GDev,Fitness,Time
Exe 1,36.0,0.72127,0.86665,33,42.0,0.25039,0.27226,77,220.0,0.11515,0.14582,817
Exe 2,43.0,0.59215,0.76578,26,110.0,0.20567,0.26293,89,182.0,0.11896,0.14434,855
Exe 3,22.0,0.72954,0.81838,27,91.0,0.21680,0.26418,101,232.0,0.10857,0.14092,846
Exe 4,17.0,0.77043,0.83907,32,40.0,0.25038,0.27121,86,189.0,0.11928,0.14564,752
Exe 5,37.0,0.69725,0.84666,27,136.0,0.20838,0.27918,165,186.0,0.12412,0.15006,608
Media,31.0,0.70213,0.82731,29,83.8,0.22632,0.26995,103,201.8,0.11722,0.14536,775
