,Inf,GDeviation,Fitness,Time,Inf,GDeviation,Fitness,Time,Inf,GDeviation,Fitness,Time
Exe 1,32.0,0.71821,0.84743,185,49.0,0.24934,0.27485,440,182.0,0.11779,0.14317,4436
Exe 2,66.0,0.87670,1.14322,178,30.0,0.25095,0.26657,569,202.0,0.11737,0.14554,4313
Exe 3,30.0,0.71886,0.84000,215,135.0,0.20888,0.27917,445,225.0,0.11988,0.15125,4936
Exe 4,26.0,0.71914,0.82413,156,130.0,0.20799,0.27567,526,162.0,0.12162,0.14421,4760
Exe 5,12.0,0.73325,0.78171,143,42.0,0.25021,0.27208,532,188.0,0.11602,0.14224,3269
Media,33.2,0.75323,0.88730,175,77.2,0.23348,0.27367,502,191.8,0.11854,0.14528,4342
