,Inf,GDev,Fitness,Time,Inf,GDev,Fitness,Time,Inf,GDev,Fitness,Time
Exe 1,10.0,0.62111,0.69689,462,55.0,0.18839,0.24251,1189,380.0,0.14269,0.24453,3093
Exe 2,6.0,0.60873,0.65419,466,62.0,0.18668,0.24769,1064,444.0,0.14088,0.25986,3065
Exe 3,7.0,0.60850,0.66154,465,69.0,0.19024,0.25814,1134,411.0,0.14290,0.25304,2993
Exe 4,11.0,0.61634,0.69970,464,51.0,0.18813,0.23831,1124,424.0,0.15115,0.26478,3142
Exe 5,10.0,0.61014,0.68591,458,53.0,0.18753,0.23968,1041,462.0,0.13830,0.26211,3262
Media,8.8,0.61296,0.67965,463,58.0,0.18819,0.24527,1110,424.2,0.14318,0.25686,3111
