,Inf,GDev,Fitness,Time,Inf,GDev,Fitness,Time,Inf,GDev,Fitness,Time
Exe 1,18.0,0.70251,0.77519,536,38.0,0.24466,0.26444,1218,886.0,0.14432,0.26787,3523
Exe 2,43.0,0.59215,0.76578,507,110.0,0.20567,0.26293,1194,915.0,0.14274,0.27033,3604
Exe 3,22.0,0.71255,0.80139,496,99.0,0.21159,0.26313,1194,803.0,0.14727,0.25924,3648
Exe 4,24.0,0.66720,0.76411,528,32.0,0.24993,0.26659,1197,793.0,0.14788,0.25846,3595
Exe 5,21.0,0.71507,0.79987,515,34.0,0.24597,0.26367,1188,850.0,0.14216,0.26069,3716
Media,25.6,0.67790,0.78127,516,62.6,0.23156,0.26415,1198,849.4,0.14488,0.26332,3617
