;Zoo;;;;Glass;;;;Bupa;;;
;Infeasable;Error_Dist;Aggregate;Time;Infeasable;Error_Dist;Aggregate;Time;Infeasable;Error_Dist;Aggregate;Time
Ejecucion 1;0;0.036441;0.941241;7;5;0.025827;0.395038;41;40;0.008844;0.231124;254
Ejecucion 2;1;0.032523;0.944900;5;76;0.017984;0.457061;19;39;0.003285;0.236415;174
Ejecucion 3;0;0.000601;0.905401;4;0;0.018198;0.382488;15;49;0.004990;0.237390;202
Ejecucion 4;18;0.076728;1.117925;8;0;0.017587;0.381877;17;23;0.007439;0.227973;97
Ejecucion 5;1;0.032049;0.944427;5;1;0.013226;0.378501;17;7;0.011313;0.219811;94
Media;4;0.035668;0.970779;5;16;0.018565;0.398993;21;31;0.007174;0.230543;164
