,Inf,GDeviation,Fitness,Time,Inf,GDeviation,Fitness,Time,Inf,GDeviation,Fitness,Time
Exe 1,1.0,0.95029,0.95432,6,2.0,0.30344,0.30448,15,10.0,0.23984,0.24123,110
Exe 2,0.0,0.90480,0.90480,4,0.0,0.31138,0.31138,20,10.0,0.24512,0.24651,95
Exe 3,0.0,0.90792,0.90792,7,1.0,0.34723,0.34775,16,10.0,0.24284,0.24424,111
Exe 4,1.0,0.94373,0.94776,4,1.0,0.35391,0.35443,14,7.0,0.24028,0.24126,87
Exe 5,0.0,0.96418,0.96418,4,0.0,0.34945,0.34945,17,0.0,0.22166,0.22166,150
Media,0.4,0.93418,0.93580,5,0.8,0.33308,0.33350,16,7.4,0.23795,0.23898,110
