,Inf,GDeviation,Fitness,Time,Inf,GDeviation,Fitness,Time,Inf,GDeviation,Fitness,Time
Exe 1,15,1.06998,1.18364,0,0,0.39635,0.39635,0,9,0.23093,0.23334,115
Exe 2,2,0.82877,0.84393,0,8,0.36500,0.37287,0,10,0.21873,0.22141,69
Exe 3,1,0.96217,0.96974,0,1,0.36131,0.36229,15,33,0.23279,0.24163,93
Exe 4,0,0.91674,0.91674,0,1,0.37642,0.37740,15,14,0.23032,0.23408,53
Exe 5,1,0.96787,0.97544,0,10,0.37201,0.38185,15,12,0.21256,0.21578,84
Media,3,0.94910,0.97790,0,4,0.37422,0.37815,9,15,0.22507,0.22925,82
