,Inf,Error,Fitness,Time,Inf,Error,Fitness,Time,Inf,Error,Fitness,Time
Exe 1,1,0.06251,0.97135,8,1,0.01038,0.35443,22,11,0.00007,0.23071,109
Exe 2,1,0.05795,0.96679,6,0,0.01484,0.34945,21,7,0.01457,0.24479,130
Exe 3,1,0.09900,1.00784,9,0,0.05175,0.31254,21,5,0.00365,0.22630,210
Exe 4,1,0.11028,1.01911,9,2,0.06086,0.30448,25,17,0.01415,0.24577,188
Exe 5,3,0.02852,0.94544,5,1,0.01706,0.34775,31,8,0.01239,0.24275,148
Media,1,0.07165,0.98211,7,0,0.03098,0.33373,24,9,0.00896,0.23806,157
