,Inf,GDeviation,Fitness,Time,Inf,GDeviation,Fitness,Time,Inf,GDeviation,Fitness,Time
Exe 1,4.0,0.96144,0.99175,6,0.0,0.31510,0.31510,18,17.0,0.21904,0.22360,60
Exe 2,5.0,0.93241,0.97029,2,2.0,0.38048,0.38245,15,11.0,0.24630,0.24924,80
Exe 3,6.0,1.05991,1.10537,4,5.0,0.39306,0.39798,11,33.0,0.23249,0.24133,119
Exe 4,0.0,0.95012,0.95012,6,0.0,0.37991,0.37991,13,60.0,0.24650,0.26258,222
Exe 5,10.0,1.01848,1.09426,3,2.0,0.39255,0.39452,7,38.0,0.23473,0.24491,294
Media,5.0,0.98447,1.02236,4,1.8,0.37222,0.37399,12,31.8,0.23581,0.24433,155
