,Inf,GDeviation,Fitness,Time,Inf,GDeviation,Fitness,Time,Inf,GDeviation,Fitness,Time
Exe 1,15.0,1.06998,1.18364,12,0.0,0.39635,0.39635,22,9.0,0.23093,0.23334,122
Exe 2,2.0,0.82877,0.84393,24,8.0,0.36500,0.37287,41,10.0,0.21873,0.22141,134
Exe 3,1.0,0.96217,0.96974,25,1.0,0.36131,0.36229,42,33.0,0.23279,0.24163,145
Exe 4,0.0,0.91674,0.91674,22,1.0,0.37642,0.37740,41,14.0,0.23032,0.23408,119
Exe 5,1.0,0.96787,0.97544,23,10.0,0.37201,0.38185,32,12.0,0.21256,0.21578,168
Media,3.8,0.94910,0.97790,21,4.0,0.37422,0.37815,35,15.6,0.22507,0.22925,137
