,Inf,GDeviation,Fitness,Time,Inf,GDeviation,Fitness,Time,Inf,GDeviation,Fitness,Time
Exe 1,6.0,1.01103,1.03526,25,0.0,0.30080,0.30080,39,1.0,0.24436,0.24450,169
Exe 2,1.0,0.96834,0.97238,16,2.0,0.30344,0.30448,59,0.0,0.22627,0.22627,188
Exe 3,1.0,0.84984,0.85388,19,2.0,0.31127,0.31231,29,21.0,0.24622,0.24915,156
Exe 4,0.0,0.90792,0.90792,20,0.0,0.31138,0.31138,27,8.0,0.24726,0.24838,156
Exe 5,0.0,0.90480,0.90480,22,5.0,0.34622,0.34883,60,2.0,0.23590,0.23617,147
Media,1.6,0.92839,0.93485,20,1.8,0.31462,0.31556,42,6.4,0.24000,0.24090,163
