,Inf,Error,Fitness,Time,Inf,Error,Fitness,Time,Inf,Error,Fitness,Time
Exe 1,0,0.03644,0.94124,7,5,0.02583,0.39504,22,40,0.00884,0.23112,252
Exe 2,1,0.03252,0.94490,9,76,0.01798,0.45706,32,39,0.00328,0.23641,169
Exe 3,0,0.00060,0.90540,7,0,0.01820,0.38249,13,49,0.00499,0.23739,195
Exe 4,18,0.07673,1.11792,4,0,0.01759,0.38188,15,23,0.00744,0.22797,95
Exe 5,1,0.03205,0.94443,5,1,0.01323,0.37850,17,7,0.01131,0.21981,92
Media,4,0.03567,0.97078,6,16,0.01856,0.39899,19,31,0.00717,0.23054,160
