,Inf,GDev,Fitness,Time,Inf,GDev,Fitness,Time,Inf,GDev,Fitness,Time
Exe 1,1.0,0.92885,0.93642,2,10.0,0.34605,0.35589,10,33.0,0.22272,0.23156,124
Exe 2,0.0,0.93567,0.93567,1,1.0,0.39035,0.39134,7,88.0,0.23214,0.25573,54
Exe 3,2.0,1.03629,1.05145,2,0.0,0.35912,0.35912,5,11.0,0.23684,0.23978,116
Exe 4,0.0,0.91441,0.91441,2,0.0,0.38010,0.38010,7,66.0,0.23768,0.25537,61
Exe 5,2.0,0.97256,0.98771,1,10.0,0.37199,0.38183,8,73.0,0.24602,0.26559,100
Media,1.0,0.95755,0.96513,1,4.2,0.36952,0.37365,7,54.2,0.23508,0.24961,91
