,Inf,GDeviation,Fitness,Time,Inf,GDeviation,Fitness,Time,Inf,GDeviation,Fitness,Time
Exe 1,6,1.01103,1.03526,6,0,0.30080,0.30080,15,1,0.24436,0.24450,100
Exe 2,1,0.96834,0.97238,0,2,0.30344,0.30448,15,0,0.22627,0.22627,100
Exe 3,1,0.84984,0.85388,15,2,0.31127,0.31231,15,21,0.24622,0.24915,100
Exe 4,0,0.90792,0.90792,0,0,0.31138,0.31138,15,8,0.24726,0.24838,84
Exe 5,0,0.90480,0.90480,0,5,0.34622,0.34883,15,2,0.23590,0.23617,100
Media,1,0.92839,0.93485,4,1,0.31462,0.31556,15,6,0.24000,0.24090,96
