,Inf,GDev,Fitness,Time,Inf,GDev,Fitness,Time,Inf,GDev,Fitness,Time
Exe 1,1.0,0.95029,0.95432,5,2.0,0.30344,0.30448,9,10.0,0.23984,0.24123,119
Exe 2,0.0,0.90480,0.90480,10,0.0,0.31138,0.31138,19,10.0,0.24512,0.24651,100
Exe 3,0.0,0.90792,0.90792,10,1.0,0.34723,0.34775,10,10.0,0.24284,0.24424,110
Exe 4,1.0,0.94373,0.94776,0,1.0,0.35391,0.35443,10,7.0,0.24028,0.24126,80
Exe 5,0.0,0.96418,0.96418,0,0.0,0.34945,0.34945,26,0.0,0.22166,0.22166,150
Media,0.4,0.93418,0.93580,5,0.8,0.33308,0.33350,14,7.4,0.23795,0.23898,111
