,Inf,GDev,Fitness,Time,Inf,GDev,Fitness,Time,Inf,GDev,Fitness,Time
Exe 1,4.0,0.96144,0.99175,0,0.0,0.31510,0.31510,20,17.0,0.21904,0.22360,69
Exe 2,5.0,0.93241,0.97029,0,2.0,0.38048,0.38245,20,11.0,0.24630,0.24924,80
Exe 3,6.0,1.05991,1.10537,4,5.0,0.39306,0.39798,9,33.0,0.23249,0.24133,120
Exe 4,0.0,0.95012,0.95012,9,0.0,0.37991,0.37991,10,60.0,0.24650,0.26258,229
Exe 5,10.0,1.01848,1.09426,0,2.0,0.39255,0.39452,9,38.0,0.23473,0.24491,281
Media,5.0,0.98447,1.02236,2,1.8,0.37222,0.37399,13,31.8,0.23581,0.24433,155
