,Inf,GDev,Fitness,Time,Inf,GDev,Fitness,Time,Inf,GDev,Fitness,Time
Exe 1,42.0,0.63263,0.80223,467,122.0,0.20675,0.27027,746,2027.0,0.23676,0.51941,873
Exe 2,40.0,0.62535,0.78687,471,50.0,0.24686,0.27289,740,1996.0,0.24547,0.52380,865
Exe 3,36.0,0.62691,0.77228,475,68.0,0.24383,0.27924,739,1989.0,0.24500,0.52235,865
Exe 4,19.0,0.71335,0.79008,462,33.0,0.24935,0.26653,749,2015.0,0.24250,0.52348,899
Exe 5,31.0,0.59728,0.72246,556,38.0,0.25014,0.26993,741,2010.0,0.24199,0.52227,950
Media,33.6,0.63910,0.77478,486,62.2,0.23939,0.27177,743,2007.4,0.24235,0.52226,890
