,Inf,GDev,Fitness,Time,Inf,GDev,Fitness,Time,Inf,GDev,Fitness,Time
Exe 1,42.0,0.60920,0.77880,308,43.0,0.24939,0.27177,682,409.0,0.13805,0.19509,814
Exe 2,35.0,0.60612,0.74745,342,114.0,0.20975,0.26910,715,536.0,0.13222,0.20696,810
Exe 3,10.0,0.73362,0.77400,187,35.0,0.24755,0.26577,686,385.0,0.12835,0.18204,831
Exe 4,19.0,0.72147,0.79819,155,36.0,0.25014,0.26888,726,367.0,0.12431,0.17549,844
Exe 5,36.0,0.61153,0.75690,387,39.0,0.25014,0.27044,731,487.0,0.12923,0.19713,857
Media,28.4,0.65639,0.77107,275,53.4,0.24139,0.26919,708,436.8,0.13043,0.19134,831
