,Inf,GDeviation,Fitness,Time,Inf,GDeviation,Fitness,Time,Inf,GDeviation,Fitness,Time
COPKM,5.0,0.98447,1.02236,4,1.8,0.37222,0.37399,12,31.8,0.23581,0.24433,155
BL,11.4,0.64599,0.73238,143,60.8,0.21800,0.27782,561,103.2,0.11787,0.14552,4443
AGG-UN,5.8,0.59754,0.64150,5196,43.2,0.19794,0.24045,9687,518.2,0.15017,0.28905,15271
AGG-SF,8.4,0.65564,0.71929,5217,41.0,0.21140,0.25174,9871,534.4,0.16003,0.30325,15374
AGE-UN,6.0,0.65473,0.70020,5165,47.8,0.22926,0.27630,9770,554.6,0.15746,0.30609,14776
AGE-SF,14.0,0.66802,0.77411,5768,72.6,0.23760,0.30904,9874,585.0,0.15875,0.31552,16012
AM-C,8.0,0.87080,0.93142,2286,297.6,0.33701,0.62986,4115,877.8,0.23373,0.46897,5835
AM-P,9.0,0.74545,0.81365,2131,49.4,0.24316,0.29177,4200,499.8,0.19431,0.32825,5944
AM-M,7.4,0.71786,0.77394,2101,49.2,0.21377,0.26218,4201,291.8,0.15889,0.23709,5900
