,Inf,GDev,Fitness,Time,Inf,GDev,Fitness,Time,Inf,GDev,Fitness,Time
COPKM,5.0,0.98447,1.02236,2,1.8,0.37222,0.37399,13,31.8,0.23581,0.24433,155
BL,11.4,0.64599,0.73238,32,60.8,0.21800,0.27782,92,103.2,0.11787,0.14552,664
BMB,8.8,0.61296,0.67965,463,58.0,0.18819,0.24527,1110,424.2,0.14318,0.25686,3111
ES,11.2,0.60596,0.69083,236,55.4,0.18825,0.24277,591,255.4,0.13272,0.20116,633
ILS,11.0,0.61024,0.69360,312,40.2,0.21520,0.25475,753,120.8,0.11671,0.14908,1392
ILS-ES,8.6,0.61750,0.68267,365,51.2,0.19126,0.24164,664,510.2,0.15015,0.28687,729
