,Inf,GDeviation,Fitness,Time,Inf,GDeviation,Fitness,Time,Inf,GDeviation,Fitness,Time
COPKM,1.6,0.92839,0.93485,20,1.8,0.31462,0.31556,42,6.4,0.24000,0.24090,163
BL,33.2,0.75323,0.88730,175,77.2,0.23348,0.27367,502,191.8,0.11854,0.14528,4342
AGG-UN,23.2,0.85654,0.95022,5392,601.8,0.31316,0.62646,14122,1673.6,0.20561,0.43898,18388
