,Inf,GDeviation,Fitness,Time,Inf,GDeviation,Fitness,Time,Inf,GDeviation,Fitness,Time
COPKM,3.8,0.94910,0.97790,21,4.0,0.37422,0.37815,35,15.6,0.22507,0.22925,137
BL,9.8,0.71553,0.78979,248,48.0,0.20142,0.24865,527,139.0,0.11831,0.15557,4813
AGG-UN,7.8,0.62652,0.68563,5863,36.8,0.20286,0.23907,11149,550.6,0.16158,0.30913,17063
