,Inf,Error,Fitness,Time,Inf,Error,Fitness,Time,Inf,Error,Fitness,Time
COPKM,1,0.07165,0.98211,7,0,0.03098,0.33373,24,9,0.00896,0.23806,157
BL,22,0.18097,0.81590,417,42,0.11401,0.27236,1650,223,0.11432,0.14605,12194
