,Inf,GDeviation,Fitness,Time,Inf,GDeviation,Fitness,Time,Inf,GDeviation,Fitness,Time
COPKM,30.949100.97790040.374220.378159150.225070.2292582
BL,90.715530.78979201480.201420.248655001390.118310.155574872
