,Inf,Error,Fitness,Time,Inf,Error,Fitness,Time,Inf,Error,Fitness,Time
COPKM,4,0.03567,0.97078,6,16,0.01856,0.39899,19,31,0.00717,0.23054,160
BL,15,0.24137,0.77861,697,30,0.13969,0.25471,1862,134,0.11574,0.14963,14097
