,Inf,GDeviation,Fitness,Time,Inf,GDeviation,Fitness,Time,Inf,GDeviation,Fitness,Time
COPKM,10.928390.93485410.314620.315561560.240000.2409096
BL,330.753230.88730141770.233480.273674751910.118540.145284451
