,Inf,GDev,Fitness,Time,Inf,GDev,Fitness,Time,Inf,GDev,Fitness,Time
COPKM,0.4,0.93418,0.93580,5,0.8,0.33308,0.33350,14,7.4,0.23795,0.23898,111
BL,31.0,0.70213,0.82731,26,83.8,0.22632,0.26995,80,201.8,0.11722,0.14536,743
AGG-UN,13.6,0.70228,0.75720,1044,50.2,0.22853,0.25467,2160,881.4,0.14631,0.26921,4847
AGG-SF,24.6,0.75196,0.85130,1079,66.4,0.22496,0.25952,2209,933.6,0.15113,0.28131,5003
AGE-UN,8.4,0.74536,0.77928,1047,86.4,0.22312,0.26810,2237,960.2,0.15359,0.28749,4760
AGE-SF,12.8,0.70891,0.76060,1071,91.0,0.22189,0.26927,2214,1037.6,0.15496,0.29964,4926
AM-C,16.2,0.70646,0.77187,411,71.6,0.24873,0.28600,1073,1404.0,0.21729,0.41307,4756
AM-P,10.2,0.72123,0.76242,695,77.4,0.21294,0.25324,1415,300.0,0.13351,0.17535,3173
AM-M,16.8,0.69369,0.76153,694,71.0,0.22135,0.25831,1404,282.4,0.13056,0.16994,3165
