,Inf,GDeviation,Fitness,Time,Inf,GDeviation,Fitness,Time,Inf,GDeviation,Fitness,Time
COPKM,0.4,0.93418,0.93580,5,0.8,0.33308,0.33350,16,7.4,0.23795,0.23898,110
BL,31.0,0.70213,0.82731,132,83.8,0.22632,0.26994,464,201.8,0.11722,0.14536,4184
AGG-UN,13.6,0.70228,0.75720,5667,50.2,0.22853,0.25467,10431,881.4,0.14631,0.26921,16406
AGG-SF,24.6,0.75196,0.85130,5280,66.4,0.22496,0.25952,10648,908.4,0.14974,0.27641,16579
AGE-UN,8.4,0.74536,0.77928,5721,86.4,0.22312,0.26810,10648,1018.4,0.15099,0.29300,16989
AGE-SF,12.8,0.70891,0.76060,5873,91.0,0.22189,0.26927,10717,1034.0,0.15475,0.29893,17140
AM-C,14.6,0.71383,0.77278,2426,69.8,0.22821,0.26455,5241,1451.2,0.20731,0.40966,8130
AM-P,17.6,0.72163,0.79270,4579,78.0,0.21275,0.25336,9193,329.0,0.12909,0.17496,11710
AM-M,23.8,0.74276,0.83886,5249,25.8,0.23873,0.25216,9908,271.2,0.13021,0.16803,12072
