,Inf,GDeviation,Fitness,Time,Inf,GDeviation,Fitness,Time,Inf,GDeviation,Fitness,Time
COPKM,1.6,0.92839,0.93485,20,1.8,0.31462,0.31556,42,6.4,0.24000,0.24090,163
BL,33.2,0.75323,0.88730,175,77.2,0.23348,0.27367,502,191.8,0.11854,0.14528,4342
AGG-UN,15.2,0.69214,0.75351,5914,51.0,0.22966,0.25621,11943,1062.4,0.15044,0.29859,19126
