,Inf,GDev,Fitness,Time,Inf,GDev,Fitness,Time,Inf,GDev,Fitness,Time
COPKM,0.4,0.93418,0.93580,5,0.8,0.33308,0.33350,14,7.4,0.23795,0.23898,111
BL,31.0,0.70213,0.82731,25,83.8,0.22632,0.26995,72,201.8,0.11722,0.14536,642
BMB,25.6,0.67790,0.78127,483,62.6,0.23156,0.26415,1123,849.4,0.14488,0.26332,3282
ES,28.4,0.65639,0.77107,271,53.4,0.24139,0.26919,686,436.8,0.13043,0.19134,813
ILS,19.6,0.69346,0.77260,325,80.2,0.22465,0.26640,674,242.2,0.11773,0.15150,1584
ILS-ES,35.4,0.61845,0.76139,336,75.4,0.22489,0.26414,740,889.6,0.14682,0.27086,938
