,Inf,GDev,Fitness,Time,Inf,GDev,Fitness,Time,Inf,GDev,Fitness,Time
COPKM,0.4,0.93418,0.93580,5,0.8,0.33308,0.33350,14,7.4,0.23795,0.23898,111
BL,31.0,0.70213,0.82731,29,83.8,0.22632,0.26995,103,201.8,0.11722,0.14536,775
BMB,25.6,0.67790,0.78127,516,62.6,0.23156,0.26415,1198,849.4,0.14488,0.26332,3617
ES,33.6,0.63910,0.77478,486,62.2,0.23939,0.27177,743,2007.4,0.24235,0.52226,890
ILS,19.6,0.69346,0.77260,404,80.2,0.22465,0.26640,731,242.2,0.11773,0.15150,1697
ILS-ES,35.6,0.60555,0.74930,439,83.8,0.22632,0.26995,729,954.2,0.14750,0.28056,889
