,Inf,GDev,Fitness,Time,Inf,GDev,Fitness,Time,Inf,GDev,Fitness,Time
COPKM,5.0,0.98447,1.02236,2,1.8,0.37222,0.37399,13,31.8,0.23581,0.24433,155
BL,11.4,0.64599,0.73238,32,60.8,0.21800,0.27782,92,103.2,0.11787,0.14552,664
BMB,8.8,0.61296,0.67965,497,58.0,0.18819,0.24527,1123,424.2,0.14318,0.25686,3263
ES,12.2,0.58957,0.68202,407,58.2,0.18912,0.24639,619,984.8,0.24317,0.50708,679
ILS,11.0,0.61024,0.69360,389,40.2,0.21520,0.25475,746,120.8,0.11671,0.14908,1367
ILS-ES,8.0,0.61450,0.67512,383,55.4,0.21909,0.27360,597,543.4,0.15195,0.29758,694
