,Inf,GDev,Fitness,Time,Inf,GDev,Fitness,Time,Inf,GDev,Fitness,Time
Exe 1,7.0,0.62083,0.67387,389,56.0,0.18781,0.24291,597,488.0,0.14124,0.27202,692
Exe 2,9.0,0.61090,0.67909,389,21.0,0.24400,0.26467,607,621.0,0.15573,0.32215,708
Exe 3,9.0,0.61790,0.68610,381,32.0,0.24535,0.27684,593,605.0,0.15663,0.31877,679
Exe 4,7.0,0.61128,0.66432,381,52.0,0.19800,0.24917,597,517.0,0.14944,0.28799,715
Exe 5,8.0,0.61160,0.67222,377,116.0,0.22028,0.33443,591,486.0,0.15673,0.28698,680
Media,8.0,0.61450,0.67512,383,55.4,0.21909,0.27360,597,543.4,0.15195,0.29758,694
