,Inf,GDev,Fitness,Time,Inf,GDev,Fitness,Time,Inf,GDev,Fitness,Time
Exe 1,33.0,0.59436,0.72761,439,42.0,0.25039,0.27226,730,945.0,0.14865,0.28042,891
Exe 2,35.0,0.59551,0.73685,434,110.0,0.20567,0.26293,731,954.0,0.14998,0.28301,889
Exe 3,38.0,0.61806,0.77150,440,91.0,0.21680,0.26418,729,983.0,0.14363,0.28071,887
Exe 4,35.0,0.62253,0.76386,442,40.0,0.25038,0.27121,735,917.0,0.14350,0.27137,887
Exe 5,37.0,0.59728,0.74669,441,136.0,0.20838,0.27918,724,972.0,0.15176,0.28730,891
Media,35.6,0.60555,0.74930,439,83.8,0.22632,0.26995,729,954.2,0.14750,0.28056,889
