,Inf,GDev,Fitness,Time,Inf,GDev,Fitness,Time,Inf,GDev,Fitness,Time
Exe 1,10.0,0.72903,0.76941,388,42.0,0.25039,0.27226,750,226.0,0.11338,0.14490,1889
Exe 2,43.0,0.59215,0.76578,316,110.0,0.20567,0.26293,735,243.0,0.12292,0.15680,2128
Exe 3,10.0,0.73362,0.77400,327,91.0,0.21680,0.26418,770,312.0,0.11807,0.16158,1439
Exe 4,19.0,0.70163,0.77835,324,32.0,0.24598,0.26264,557,216.0,0.11711,0.14723,1801
Exe 5,16.0,0.71087,0.77548,475,126.0,0.20438,0.26998,793,214.0,0.11714,0.14698,1421
Media,19.6,0.69346,0.77260,366,80.2,0.22465,0.26640,721,242.2,0.11773,0.15150,1735
